<?xml version="1.0" encoding="UTF-8"?>
<metadata xml:lang="en"><Esri><CreaDate>20141027</CreaDate><CreaTime>17045300</CreaTime><ArcGISFormat>1.0</ArcGISFormat><SyncOnce>FALSE</SyncOnce><DataProperties><itemProps><itemName Sync="TRUE">DescribeFeatureClass.py</itemName><imsContentType Sync="TRUE">005</imsContentType><itemLocation><linkage Sync="TRUE">file://\\LUMINANCE\C$\Users\scrook\Desktop\Lab8-sc\geopy\tools\DescribeFeatureClass.py</linkage><protocol Sync="TRUE">Local Area Network</protocol></itemLocation></itemProps><copyHistory><copy source="C:\Users\scrook\Desktop\Lab8-sc\DescribeFeatureClass.py" dest="\\LUMINANCE\C$\Users\scrook\Desktop\Lab8-sc\geopy\tools\DescribeFeatureClass.py" date="20141029" time="14411400"></copy></copyHistory></DataProperties><SyncDate>20141027</SyncDate><SyncTime>17045300</SyncTime><ModDate>20141027</ModDate><ModTime>17045300</ModTime></Esri><dataIdInfo><envirDesc Sync="TRUE"> Version 6.2 (Build 9200) ; Esri ArcGIS 10.2.2.3552</envirDesc><dataLang><languageCode value="eng" Sync="TRUE"></languageCode><countryCode value="AUS" Sync="TRUE"></countryCode></dataLang><idCitation><resTitle Sync="TRUE">DescribeFeatureClass.py</resTitle><presForm><PresFormCd value="001" Sync="TRUE"></PresFormCd></presForm></idCitation></dataIdInfo><mdLang><languageCode value="eng" Sync="TRUE"></languageCode><countryCode value="AUS" Sync="TRUE"></countryCode></mdLang><mdChar><CharSetCd value="004" Sync="TRUE"></CharSetCd></mdChar><distInfo><distFormat><formatName Sync="TRUE">Filtered file</formatName></distFormat></distInfo><mdHrLv><ScopeCd value="007" Sync="TRUE"></ScopeCd></mdHrLv><mdHrLvName Sync="TRUE">non-geographic dataset</mdHrLvName><mdDateSt Sync="TRUE">20141027</mdDateSt></metadata>
